time_day,S_reference,I_reference,R_reference,I_your_euler,I_RK4
0.0,990.0,10.0,0.0,10.0,10.0
0.5,988.158024611879,11.30988560775872,0.5320897803621013,11.2325,11.309883254362745
1.0,986.0792570361021,12.786968859022219,1.133774104875402,12.61350007140625,12.78696358804636
1.5,983.734719604727,14.45137287502488,1.8139075202478654,14.160001621895713,14.45136403507185
2.0,981.0922924018373,16.325305292975088,2.5824023051873817,15.890719816705385,16.325292133553408
2.5,978.1164845830497,18.43317961811459,3.4503357988354235,17.82619473612103,18.43316128176703
3.0,974.7682218879631,20.801714817113606,4.430063294922945,19.988892205095812,20.80169033465364
3.5,971.0046625645155,23.46000228328499,5.535335152199267,22.403287896274186,23.4599705679263
4.0,966.7790571516849,26.43952668752234,6.7814161607925705,25.095926663697018,26.439486531882633
4.5,962.0406711802843,29.774124355971356,8.185204463744173,28.095447173651753,29.774074432603758
5.0,956.7347938128672,33.49985974904381,9.765346438088718,31.43255977764896,33.499798615083535
5.5,950.8028595600391,37.65479755003649,11.542342889924237,35.13996326542269,37.654723656420316
6.0,944.1827142127147,42.27864506753215,13.538640719752967,39.25218372925562,42.278556781112364
6.5,936.8090595626164,47.412237539363986,15.778702898019317,43.80531640641088,47.41213318000115
7.0,928.614113779572,53.096838027696236,18.289048192731414,48.836649257333356,53.09671588578067
7.5,919.5285248607529,59.3732244488722,21.0982506903745,54.384145485141936,59.37308281660211
8.0,909.4825722226666,66.28053997812187,24.236887799211125,60.48576161075367,66.28037726647288
8.5,898.4076848021945,73.85489066604033,27.737424531764727,67.1785786016564,73.85470540704155
9.0,886.2382935068746,82.12768523622036,31.634021256904607,74.49772652939251,82.1274761737858
9.5,872.914018173892,91.12372977004789,35.962252056059626,82.47508899811996,91.12349598236112
10.0,858.3821649203651,100.85911245551604,40.75872262411832,91.13778286263636,100.85885341624692
10.5,842.600480293904,111.33894153969406,46.06057816640148,100.50642218194218,111.33865704186117
11.0,825.5400725241225,122.55503101723467,51.904896458642334,110.59319335672579,122.55472157612977
11.5,807.1883687036056,134.4836645483291,58.32796674806475,121.39979098669566,134.4833312629538
12.0,787.5519420360121,147.08359612197523,65.36446184201225,132.91529052658848,147.08324066368345
12.5,766.659007699635,160.29447233927579,73.04651996108872,145.11406281398814,160.29409705107614
13.0,744.5613660837001,174.035871497362,81.40276241893751,157.9538644242814,174.03547937018234
13.5,721.3355714834723,188.20714596852918,90.45728254799809,171.3742628941056,188.20674056049307
14.0,697.0831266449127,202.68822315540882,100.22865019967817,185.29557249386139,202.68780853566034
14.5,671.9295536237421,217.34146394904866,110.72898242720888,199.61847925659117,217.34104464429123
15.0,646.0222674382198,232.01459842554374,121.96313413623604,214.2245184944331,232.01417929501682
15.5,619.5272755360706,246.54466336082407,133.92806110310477,228.97753052700514,246.5442494941506
16.0,592.624831825916,260.76276671759666,146.61240145648682,243.72615986697778,260.76236339144026
16.5,565.5042751235665,274.4994141524256,159.99631072400751,258.3073823787082,274.4990263378455
17.0,538.3583662300433,287.59006335698507,174.05157041297122,272.55095089500713,287.5896954421379
17.5,511.3774872254146,299.8805404727238,188.74197230186107,286.2845533214286,299.880196514082
18.0,484.7440761880016,311.23196113376036,204.0239626782374,299.339391826649,311.23164470366436
18.5,458.6276430321789,321.52484340232047,219.84751356550004,311.5558310210413,321.52455746484884
19.0,433.18064409568154,330.66218154425576,236.15717436006216,322.78873820193405,330.66192840595073
19.5,408.5354022197864,338.57134953856075,252.89324824165223,332.91215572682336,338.57113080765566
20.0,384.8021574220526,345.20480881827206,269.9930337596748,341.8230034352457,345.2046253981297
20.5,362.0682346115001,350.53969216569845,287.3920732228009,349.4435998652598,350.539544287416
21.0,340.3982312861501,354.5764135415885,305.0253551722608,355.7229014510377,354.5763007986282
21.5,319.8350673544248,357.3365055156233,322.82842712995136,360.63647295447015,357.336426881062
22.0,300.4017042127966,358.8599101514432,340.73838563575964,364.1853047198821,358.85986428718485
22.5,282.103327968381,359.2019503128098,358.69472171880864,366.3936710772954,359.2019352909616
23.0,264.9298056823106,358.4301824063568,376.64001191133207,367.3062727209251,358.4301987348207
23.5,248.85822645527938,356.62132169607094,394.52045184864915,366.9849231199916,356.6213641874059
24.0,233.85542926202487,353.85833069178545,412.2862400461891,365.5050286800138,353.8583974821262
24.5,219.8803541356104,350.2278205525035,429.8918253118856,362.9520812717327,350.22791041295676
25.0,206.88619073469155,345.8177791204143,447.29603014489356,359.4183379466963,345.81788995889275
25.5,194.82226827853438,340.71566176204897,464.4620699594161,354.9998138851575,340.7157906167228
26.0,183.63566974062448,335.00684361053345,481.35748664884153,349.79366716665817,335.00698839839447
26.5,173.27256855074705,328.77341819389727,497.95401325535505,343.8960121742661,328.7735768932711
27.0,163.67931055116279,322.0933031706148,514.227386278222,337.40016474294714,322.09347389926336
27.5,154.80326017279302,315.0396195897637,530.1571202374428,330.3952972929201,315.0398004913072
28.0,146.59344014024313,307.6803025798864,545.72625727987,322.96546570519195,307.68049187896435
28.5,139.0009940325225,300.07790378221125,560.9211021852658,315.18896042616,300.07809989306975
29.0,131.9795005841457,292.28954794970997,575.7309514661439,307.1379307299445,292.28974945017717
29.5,125.48516691083691,284.3670095186182,590.1478235705445,298.87823168380277,284.3672150659005
30.0,119.47692522995851,276.35687945347127,604.1661953165698,290.46944676441103,276.3570878031576
30.5,116.67763688222878,265.60853246806545,617.7138306497053,278.9555092694378,265.6087366188793
31.0,114.04936043543131,255.21763286630863,630.7330066982596,267.82451494629765,255.21783407694448
31.5,111.57996915851848,245.17857255217697,643.2414582893042,257.07166374520966,245.17876900039587
32.0,109.258322652028,235.4850541692486,655.256623178723,246.6911803600261,235.48524686234683
32.5,107.07417119849332,226.13022006238035,666.795608739126,236.6764750092651,226.13040806053527
33.0,105.0180832996617,217.10674862936875,677.8751680709693,227.02028556864312,217.106932571352
33.5,103.08136852191248,208.40695311402615,688.511678364061,217.71480293245173,208.4071323515988
34.0,101.25601706022034,200.02285784533936,698.7211250944399,208.7517813263355,200.0230327376619
34.5,99.5346369044118,191.9462736651424,708.5190894304454,200.12263514410347,191.94644397959885
35.0,97.91040324939813,184.16885814344033,717.9207386071612,191.8185237383751,184.1690239425359
35.5,96.37700771358028,176.68217154132037,726.940820745099,183.83042546049487,176.68233291009147
36.0,94.92861572063944,169.47772451048763,735.5936597688726,176.14920211998987,169.47788133433266
36.5,93.55982568262218,162.54701882675977,743.8931554906178,168.76565491817382,162.54717129390463
37.0,92.2656328243826,155.8815843245078,751.8527828511093,161.6705728042767,155.88173234617815
37.5,91.0413964994022,149.473008699992,759.4855948006056,154.85477410543194,149.47315239018252
38.0,89.8828094890987,143.31296464490728,766.8042258659937,148.30914219356814,143.31310409432703
38.5,88.7858714207564,137.39323219227407,773.8208963869693,142.0246558722184,137.39336738602816
39.0,87.74686339147802,131.7057173489907,780.547419259531,135.99241509391965,131.70584844891107
39.5,86.7623255520857,126.24246860026344,786.9952058476506,130.2036625536453,126.242595626808
40.0,85.8290366144865,120.995689570526,793.1752738149872,124.649801645018,120.99581259190668
40.5,84.94399471183841,115.95774993016974,799.0982553579917,119.32241121332038,115.95786909670889
41.0,84.10440059796318,111.1211942702574,804.7744051317792,114.21325749202221,111.12130959556094
41.5,83.30764181101183,106.47874838765678,810.2136098013312,109.31430356716274,106.47885999106094
42.0,82.55127833092529,102.02332474430145,815.425396924773,104.61771667599429,102.0234327333033
42.5,81.83302968886217,97.74802606719237,820.4189442439452,100.11587361236924,97.74813047538753
43.0,81.15076277687528,93.64614749539287,825.2030897277317,95.80136448103485,93.64624846661923
43.5,80.50248102218082,89.7111782355829,829.786340742236,91.66699501592187,89.7112758451133
44.0,79.88631436471032,85.93680167135975,834.1768839639298,87.70578765333971,85.93689597384451
44.5,79.30050991005457,82.31689480781604,838.3825952821292,83.91098152942037,82.31698594836915
45.0,78.74342362004437,78.84552735476073,842.4110490251946,80.27603155191221,78.84561539027709
45.5,78.21351249782336,75.51695962299154,846.2695278791848,76.7946066792674,75.51704462775477
46.0,77.70932739480972,72.32564024909536,849.9650323560946,73.46058752467097,72.32572235329432
46.5,77.22950654887875,69.26620358599229,853.5042898651287,70.26806338902823,69.2662828384345
47.0,76.77276946966002,66.33346628731215,856.8937642430276,67.21132881478053,66.3335427763405
47.5,76.33791136693966,63.522423977314865,860.1396646557452,64.28487974159977,63.522497814912136
48.0,75.9237980778094,60.82824760478811,863.2479543174022,61.48340933537572,60.82831883585244
48.5,75.52936125877791,58.24627930814931,866.2243594330724,58.80180355333038,58.24634802864191
49.0,75.15359403786368,55.772028497568705,869.0743774645672,56.23513650045638,55.77209480256799
49.5,74.79554699895614,53.401167642288065,871.8032853587555,53.77866562568002,53.401231574781924
50.0,74.4543243837472,51.12952780989795,874.4161478063545,51.42782680010368,51.12958946773149
50.5,74.12908066922698,48.95309448128421,876.9178248494885,49.17822931430554,48.953153945191325
51.0,73.81901736705306,46.86800310033725,879.3129795326095,47.025650826895244,46.86806041242968
51.5,73.52338000724242,44.87053454716552,881.6060854455918,44.96603229227749,44.87058980276606
52.0,73.2414554205082,42.95711090165508,883.8014336778365,42.995472891804035,42.95716416984609
52.5,72.97256917182582,41.12429097995577,885.9031398482182,41.11022498914761,41.124342302351366
53.0,72.7160831508123,39.368765909087756,887.9151509400998,39.306689127762155,39.3688153755396
53.5,72.47139339575071,37.687354981634314,889.8412516226148,37.58140908566247,37.68740265194366
54.0,72.23792802410703,36.07700132650774,891.6850706493851,35.931067000426275,36.077047241721395
54.5,72.01514529551824,34.53476768867692,893.4500870158047,34.35247857525999,34.534811931516444
55.0,71.80253185602703,33.057832466361276,895.1396356776115,32.842588375147706,33.05787508924272
55.5,71.59960106022618,31.643485607897418,896.7569133318763,31.39846522049469,31.64352665092244
56.0,71.40589140413368,30.289124656374028,898.3049839394922,30.017297684259155,30.28916419457219
56.5,71.22096509857005,28.992251025351415,899.7867838760784,28.69638969731866,28.99228910512824
57.0,71.04440670132436,27.750466173572626,901.2051271251029,27.43315626572138,27.75050283351696
57.5,70.87582184113485,26.56146794444793,902.562710214417,26.225119302511654,26.56150325219684
58.0,70.71483605136147,25.42304711197268,903.8621168366657,25.069903575978728,25.423081108813413
58.5,70.56109364846259,24.33308385645611,905.1058224950812,23.96523277544413,24.33311657900807
59.0,70.41425668676698,23.289544409880328,906.2961989033525,22.908925695065303,23.28957591889667
59.5,70.27400399935854,22.290477884927576,907.4355181157139,21.89889253558013,22.290508217276457
60.0,70.14003027345493,21.33401305720446,908.5259566693405,20.933131323439518,21.334042247222555
60.5,70.0120451892756,20.41835531425813,909.5695994964661,20.009724446364892,20.418383416391855
61.0,69.8897726269737,19.541783767793326,910.5684436052329,19.126835304016872,19.54181081505662
61.5,69.77294990036711,18.702648336370697,911.5244017632622,18.28270507216348,18.70267436063734
62.0,69.66132704356447,17.899366987295494,912.43930596914,17.475649578485577,17.89939203728958
62.5,69.5546661518069,17.13042312357419,913.3149107246188,16.704056287947747,17.13044722891872
63.0,69.45274074329112,16.394362953808958,914.1528963028999,15.966381395490451,16.394386143845473
63.5,69.3553351651222,15.68979301093054,914.9548718239472,15.261147023659097,15.689815329221014
64.0,69.26224404280875,15.015377800027558,915.7223781571636,14.586938522674252,15.015399273189812
64.5,69.17327174628804,14.36983743785901,916.4568908158528,13.942401870360996,14.369858092718692
65.0,69.08823189283227,13.751945429471164,917.1598226776965,13.3262411692913,13.751965304949367
65.5,69.00694688521988,13.160526559851338,917.8325265549288,12.737216238448656,13.160545679886756
66.0,68.92924746299654,12.594454783223732,918.4762977537797,12.174140296696473,12.59447317220475
66.5,68.8549722846235,12.052651237249352,919.0923764781272,11.635877735318905,12.052668929933045
67.0,68.78396753842452,11.53408235985609,919.6819501017194,11.121341976902725,11.534099377781462
67.5,68.71608656394218,11.037758007621541,920.2461554284363,10.629493417839974,11.037774372860758
68.0,68.65118949922211,10.56272968699139,920.7860808137865,10.159337451751867,10.562745430569608
68.5,68.58914295180386,10.108088877136467,921.3027681710597,9.709922571163329,10.108104018435457
69.0,68.52981967801814,9.672965356797812,921.797214965184,9.280338544793528,9.672979915721063
69.5,68.47309828410509,9.256525632407795,922.2703760834871,8.869714667869616,9.25653963663799
70.0,68.4188629469939,8.85797144806794,922.7231656049382,8.477218082917714,8.85798491504221
70.5,68.36700314173063,8.476538300909679,923.1564585573597,8.102052168536183,8.476551248524675
71.0,68.31741338732121,8.111494046904568,923.5710925657743,7.743454993710429,8.111506499850538
71.5,68.26999300899209,7.762137579786614,923.9678694112214,7.400697835285583,7.762149553744067
72.0,68.22464590578741,7.427797516035987,924.3475565781766,7.073083756272409,7.427809027061838
72.5,68.1812803337506,7.107830960337545,924.710888705912,6.759946242722523,7.107842030443834
73.0,68.13980870290013,6.801622336302407,925.0585689607975,6.460647896970785,6.801632979580455
73.5,68.10014737849896,6.508582223449774,925.3912703980513,6.1745791851052525,6.508592454282697
74.0,68.06221649555323,6.2281462655890225,925.7096372388578,5.901157236588033,6.228156103592586
74.5,68.0259397849616,5.959774137394853,926.0142860776436,5.639824694013313,5.959783595221124
75.0,67.99124440312853,5.702948517132598,926.305807079739,5.390048611051689,5.702957607651259
75.5,67.95806077284236,5.457174122610082,926.5847651045477,5.151319396692275,5.457182863293562
76.0,67.92632243403726,5.221976798936181,926.8517007670267,4.9231498039558605,5.221985201132134
76.5,67.89596589735706,4.996902612131062,927.107131490512,4.705073961313384,4.996910687347699
77.0,67.86693050734259,4.781516998660393,927.3515524939971,4.496646445104033,4.78152476245371
77.5,67.83915831403361,4.575403960994511,927.5854377249719,4.297441391306359,4.575411423529437
78.0,67.81259394684295,4.378165268616253,927.8092407845409,4.107051645073646,4.378172440181421
78.5,67.78718449668122,4.189419708472734,928.0233957948461,3.9250879465014616,4.189426602911197
79.0,67.7628794052628,4.008802376208724,928.2283182185286,3.7511781511506848,4.008809002612803
79.5,67.7396303562604,3.835963972398446,928.4244056713412,3.5849664839033477,3.8359703399682257
80.0,67.7173911735595,3.6705701425045167,928.612038683936,3.4261128247812755,3.670576263552514
80.5,67.69611772565061,3.512300852857083,928.7915814214923,3.2742920254087586,3.512306735502868
81.0,67.67576783153051,3.360849771172367,928.9633823972971,3.1291932548502905,3.3608554236474495
81.5,67.65630117273813,3.2159236857803086,929.1277751414816,2.990519373602786,3.2159291190300316
82.0,67.6376792106381,3.077241956543951,929.285078832818,2.8579863345686034,3.077247177805843
82.5,67.61986510494135,2.9445359698759304,929.4355989251828,2.7313226098811785,2.944540986522088
83.0,67.60282363754953,2.8175486280789395,929.5796277343716,2.610268642499112,2.817553449833631
83.5,67.58652114088207,2.6960338664389623,929.717444992679,2.49457632152717,2.696038499740204
84.0,67.57092542722286,2.5797561740069392,929.8493183987703,2.3840084802638564,2.5797606254662853
84.5,67.55600572270905,2.4684901448873835,929.9755041324037,2.2783384160150404,2.4684944231384467
85.0,67.5417326051402,2.362020053691087,930.0962473411688,2.1773494307515655,2.362024164447568
85.5,67.52807794263381,2.2601394343126366,930.2117826230536,2.080834391725878,2.2601433835148113
86.0,67.51501483634952,2.1626506859037633,930.3223344777467,1.9885953111985122,2.1626544812107076
86.5,67.50251756645616,2.069364699736389,930.4281177338074,1.900442944459779,2.0693683462061263
87.0,67.49056153880815,1.9801004890803353,930.5293379721115,1.8161964053652566,1.980103992062296
87.5,67.47912323520802,1.8946848434126977,930.6261919213794,1.7356827986357262,1.8946882096944602
88.0,67.46818016640435,1.8129520005234654,930.7188678330723,1.6587368682030297,1.8129552345701863
88.5,67.45771082569279,1.7347433213861991,930.8075458529211,1.5852006609130165,1.7347464280288405
89.0,67.44769464569627,1.6599069868876346,930.8923983674161,1.5149232049253023,1.65990997213331
89.5,67.4381119574319,1.588297709710019,930.9735903328582,1.4477602021770313,1.5883005774887289
90.0,67.42894394990066,1.519776448796487,931.0512796013029,1.38357373430424,1.5197792034857591
90.5,67.42017263251282,1.4542101435414645,931.1256172239458,1.3222319814398042,1.454212790447934
91.0,67.41178079939993,1.3914714606118166,931.1967477399883,1.2636089533313344,1.3914740031836947
91.5,67.4037519941928,1.3314385432444273,931.2648094625629,1.2075842322458166,1.331440985464084
92.0,67.39607047734383,1.2739947784232168,931.329934744233,1.1540427271502913,1.273997124966618
92.5,67.38872119497665,1.2190285743612266,931.3922502306623,1.1028744386794629,1.2190308282446585
93.0,67.38168974816656,1.166433140437153,931.4518771113964,1.053974234421869,1.1664353052997025
93.5,67.3749623645161,1.1161062834039435,931.5089313520801,1.007241634076136,1.1161083633513738
94.0,67.36852587093354,1.0679502117525965,931.563523917314,0.9625806040479381,1.0679522094166178
94.5,67.36236766682745,1.0218713426037582,931.6157609905689,0.9198993610765944,1.0218732613256454
95.0,67.35647569937983,0.977780123450259,931.66574417717,0.8791101844978048,0.9777819668175882
95.5,67.35083843972852,0.9355908600677025,931.713570700204,0.8401292367658667,0.935592630373644
96.0,67.34544485957088,0.8952215471331678,931.7593335932961,0.8028763918748725,0.8952232474597016
96.5,67.34028440965304,0.8565937124029352,931.8031218779441,0.7672750713338623,0.8565953458640966
97.0,67.3353469989029,0.8196322652325796,931.8450207358645,0.7332520873657556,0.8196338338292514
97.5,67.33062297400993,0.7842653481035072,931.8851116778866,0.7007374930140999,0.7842668546885342
98.0,67.32610310071053,0.7504242004790757,931.9234726988105,0.6696644388553079,0.7504256477317457
98.5,67.32177854548057,0.7180430253568608,931.9601784291627,0.6399690360271109,0.7180444150342254
99.0,67.31764085772079,0.6870588592508272,931.9953002830285,0.6115902252964631,0.6870601939956857
99.5,67.31368195346828,0.6574114532533755,932.0289065932785,0.5844696519021169,0.6574127353455417
100.0,67.30989409931466,0.6290431553871914,932.0610627452983,0.5585515459185614,0.6290443863817348
